Event Name,Time,Distinct ID,City,Country,Operating System,Duration
splash_to_Dashboard,1683570452.315,6401eed49f741c4433c564ef::3BFBAC82-0C76-4445-B300-F8EE8E28626A,Gurgaon,IN,iOS,3.681
splash_to_Dashboard,1683568468.338,6457681a11c6e3f4fc58e952::D9E704F1-E5F9-475D-927B-DE345A3AEA43,Delhi,IN,iOS,2.777
splash_to_Dashboard,1683558225.475,6401eed49f741c4433c564ef::3BFBAC82-0C76-4445-B300-F8EE8E28626A,New Delhi,IN,iOS,3.518
splash_to_Dashboard,1683557223.264,643503d24c416cbe9f5e05db::EF636E39-BBAE-4567-B3B7-E3068117712B,Delhi,IN,iOS,5.051
splash_to_Dashboard,1683551030.551,642ff52a4c416cbe9fbac7d3::AF2940F3-2774-4D42-862E-5E1224F43759,Delhi,IN,iOS,23.328
splash_to_Dashboard,1683550886.664,64520b98dfe74e10bff34e6a::6D4A1107-3A93-41C1-9A78-D89B51C7E865,Delhi,IN,iOS,80.271
splash_to_Dashboard,1683550260.853,644671a510a89e1ddbf673d1::5783BAD0-00B8-4DE1-B7A9-8AAE218E106D,New Delhi,IN,iOS,2619.638
splash_to_Dashboard,1683546484.341,640db9d1674dacfa2687018b::D989DA59-DDD8-43E9-8B9B-519C5F7381B7,Delhi,IN,iOS,21.821
splash_to_Dashboard,1683542068.575,64520b98dfe74e10bff34e6a::6D4A1107-3A93-41C1-9A78-D89B51C7E865,Delhi,IN,iOS,4.002
splash_to_Dashboard,1683541806.463,64520b98dfe74e10bff34e6a::6D4A1107-3A93-41C1-9A78-D89B51C7E865,Delhi,IN,iOS,4.576
splash_to_Dashboard,1683536811.256,64520b98dfe74e10bff34e6a::6D4A1107-3A93-41C1-9A78-D89B51C7E865,Delhi,IN,iOS,4.552
splash_to_Dashboard,1683536085.392,64520b98dfe74e10bff34e6a::6D4A1107-3A93-41C1-9A78-D89B51C7E865,Delhi,IN,iOS,5.597
splash_to_Dashboard,1683536029.541,645525ec11c6e3f4fc10b4e3::ECAD9DC4-67D2-4494-921F-7D67EE7504D5,Delhi,IN,iOS,7.201
splash_to_Dashboard,1683532813.848,64425593bb62e310a96c76b6::FCE50781-1520-4013-B487-5A0551D96830,Noida,IN,iOS,3.678
splash_to_Dashboard,1683524264.909,64520b98dfe74e10bff34e6a::6D4A1107-3A93-41C1-9A78-D89B51C7E865,Delhi,IN,iOS,5.279
splash_to_Dashboard,1683524071.345,6457681a11c6e3f4fc58e952::D9E704F1-E5F9-475D-927B-DE345A3AEA43,Delhi,IN,iOS,4.861
splash_to_Dashboard,1683511621.227,64425593bb62e310a96c76b6::FCE50781-1520-4013-B487-5A0551D96830,Delhi,IN,iOS,30.053
splash_to_Dashboard,1683507887.424,644e2a167e630310bbfb1d97::6CA1C926-91E9-4D6A-9A1B-1BACF0E21F6E,Delhi,IN,iOS,2.966
splash_to_Dashboard,1683491867.414,642bef377757a413d19a8632::BB98EF2F-26CB-4484-BD1E-5DC1687B7A2E,Delhi,IN,iOS,3.24
splash_to_Dashboard,1683487887.295,6422e9d5674dacfa2637d15c::53B362C0-B67F-4921-8559-80A7FDFCF85C,Gurgaon,IN,iOS,5.032
splash_to_Dashboard,1683486771.471,644671a510a89e1ddbf673d1::5783BAD0-00B8-4DE1-B7A9-8AAE218E106D,Delhi,IN,iOS,4.945
splash_to_Dashboard,1683475676.711,64520b98dfe74e10bff34e6a::6D4A1107-3A93-41C1-9A78-D89B51C7E865,Delhi,IN,iOS,12.227
splash_to_Dashboard,1683475674.568,642bef377757a413d19a8632::BB98EF2F-26CB-4484-BD1E-5DC1687B7A2E,Delhi,IN,iOS,3.159
splash_to_Dashboard,1683471309.937,641f1bd0674dacfa26bc2c11::6B91AF8D-20EE-401D-BC5A-6EA52230A035,Delhi,IN,iOS,4.887
splash_to_Dashboard,1683470609.336,644e2a167e630310bbfb1d97::6CA1C926-91E9-4D6A-9A1B-1BACF0E21F6E,Delhi,IN,iOS,4.435
splash_to_Dashboard,1683469426.592,6457681a11c6e3f4fc58e952::D9E704F1-E5F9-475D-927B-DE345A3AEA43,Delhi,IN,iOS,5.317
splash_to_Dashboard,1683467975.96,6426bc59041f1d8f6eb0a87f::C25388FA-9283-4AAD-9070-C3D20E7CAD9E,Delhi,IN,iOS,3.289
splash_to_Dashboard,1683466879.279,642d5ac27757a413d1c8d407::635ED81B-6D0B-4C44-AEEB-9D64BAE6E262,Delhi,IN,iOS,3.904
splash_to_Dashboard,1683465038.373,6401eed49f741c4433c564ef::3BFBAC82-0C76-4445-B300-F8EE8E28626A,Gurgaon,IN,iOS,4.082
splash_to_Dashboard,1683463736.733,645525ec11c6e3f4fc10b4e3::ECAD9DC4-67D2-4494-921F-7D67EE7504D5,Delhi,IN,iOS,5.262
splash_to_Dashboard,1683463580.946,645525ec11c6e3f4fc10b4e3::ECAD9DC4-67D2-4494-921F-7D67EE7504D5,Delhi,IN,iOS,5.536
splash_to_Dashboard,1683462487.318,6457681a11c6e3f4fc58e952::D9E704F1-E5F9-475D-927B-DE345A3AEA43,Delhi,IN,iOS,5.584
splash_to_Dashboard,1683462458.029,64169b8d674dacfa26a51923::ED244EF2-C697-4F7F-94D6-1B96376EEF02,Delhi,IN,iOS,4482.444
splash_to_Dashboard,1683462395.38,641f1bd0674dacfa26bc2c11::6B91AF8D-20EE-401D-BC5A-6EA52230A035,Delhi,IN,iOS,19.649
splash_to_Dashboard,1683452380.195,642d5ac27757a413d1c8d407::635ED81B-6D0B-4C44-AEEB-9D64BAE6E262,Karnal,IN,iOS,3.786
splash_to_Dashboard,1683449881.134,644671a510a89e1ddbf673d1::5783BAD0-00B8-4DE1-B7A9-8AAE218E106D,Delhi,IN,iOS,329.545
splash_to_Dashboard,1683447883.618,640db9d1674dacfa2687018b::D989DA59-DDD8-43E9-8B9B-519C5F7381B7,Delhi,IN,iOS,7.757
splash_to_Dashboard,1683447508.526,640db9d1674dacfa2687018b::D989DA59-DDD8-43E9-8B9B-519C5F7381B7,Delhi,IN,iOS,16.346
splash_to_Dashboard,1683446301.826,640db9d1674dacfa2687018b::D989DA59-DDD8-43E9-8B9B-519C5F7381B7,Chandigarh,IN,iOS,13.358
splash_to_Dashboard,1683443193.82,640db9d1674dacfa2687018b::D989DA59-DDD8-43E9-8B9B-519C5F7381B7,Shimla,IN,iOS,8.821
splash_to_Dashboard,1683442771.39,640db9d1674dacfa2687018b::D989DA59-DDD8-43E9-8B9B-519C5F7381B7,Delhi,IN,iOS,11.669
splash_to_Dashboard,1683442169.042,640db9d1674dacfa2687018b::D989DA59-DDD8-43E9-8B9B-519C5F7381B7,Delhi,IN,iOS,20.768
splash_to_Dashboard,1683441639.61,640db9d1674dacfa2687018b::D989DA59-DDD8-43E9-8B9B-519C5F7381B7,Chandigarh,IN,iOS,6.081
splash_to_Dashboard,1683440525.008,644e2a167e630310bbfb1d97::6CA1C926-91E9-4D6A-9A1B-1BACF0E21F6E,Delhi,IN,iOS,7.865
splash_to_Dashboard,1683439417.679,640db9d1674dacfa2687018b::D989DA59-DDD8-43E9-8B9B-519C5F7381B7,Shimla,IN,iOS,10.119
splash_to_Dashboard,1683438461.883,640db9d1674dacfa2687018b::D989DA59-DDD8-43E9-8B9B-519C5F7381B7,Chandigarh,IN,iOS,4.718
splash_to_Dashboard,1683435774.005,640db9d1674dacfa2687018b::D989DA59-DDD8-43E9-8B9B-519C5F7381B7,Chandigarh,IN,iOS,6.531
splash_to_Dashboard,1683434880.746,644671a510a89e1ddbf673d1::5783BAD0-00B8-4DE1-B7A9-8AAE218E106D,Delhi,IN,iOS,10.435
splash_to_Dashboard,1683431152.178,64169b8d674dacfa26a51923::ED244EF2-C697-4F7F-94D6-1B96376EEF02,Delhi,IN,iOS,31709.635
splash_to_Dashboard,1683426114.2,640db9d1674dacfa2687018b::D989DA59-DDD8-43E9-8B9B-519C5F7381B7,Mohali,IN,iOS,5.081
splash_to_Dashboard,1683424819.308,645525ec11c6e3f4fc10b4e3::ECAD9DC4-67D2-4494-921F-7D67EE7504D5,Delhi,IN,iOS,4.487
splash_to_Dashboard,1683397584.115,644671a510a89e1ddbf673d1::5783BAD0-00B8-4DE1-B7A9-8AAE218E106D,Delhi,IN,iOS,7.56
splash_to_Dashboard,1683395043.705,642432f1bbbcd43aa744d7bd::1A7C57CF-BC33-47C8-A2E4-166255D8D51C,Delhi,IN,iOS,5559.236
splash_to_Dashboard,1683393659.701,640db9d1674dacfa2687018b::D989DA59-DDD8-43E9-8B9B-519C5F7381B7,Delhi,IN,iOS,20.053
splash_to_Dashboard,1683383916.614,63ece59d4bb1fe648aac13d3::9F76A942-B50E-4548-8BE0-E5765E2F7C69,Delhi,IN,iOS,5.926
splash_to_Dashboard,1683382503.714,64520b98dfe74e10bff34e6a::6D4A1107-3A93-41C1-9A78-D89B51C7E865,Delhi,IN,iOS,3.63
splash_to_Dashboard,1683379620.888,640db9d1674dacfa2687018b::D989DA59-DDD8-43E9-8B9B-519C5F7381B7,Delhi,IN,iOS,14.813
splash_to_Dashboard,1683377409.739,640db9d1674dacfa2687018b::D989DA59-DDD8-43E9-8B9B-519C5F7381B7,Delhi,IN,iOS,53.818
splash_to_Dashboard,1683375282.641,640db9d1674dacfa2687018b::D989DA59-DDD8-43E9-8B9B-519C5F7381B7,Delhi,IN,iOS,30.025
splash_to_Dashboard,1683374610.656,640db9d1674dacfa2687018b::D989DA59-DDD8-43E9-8B9B-519C5F7381B7,Delhi,IN,iOS,46.336
splash_to_Dashboard,1683373929.648,640db9d1674dacfa2687018b::D989DA59-DDD8-43E9-8B9B-519C5F7381B7,Delhi,IN,iOS,4.718
splash_to_Dashboard,1683371923.067,640db9d1674dacfa2687018b::D989DA59-DDD8-43E9-8B9B-519C5F7381B7,Delhi,IN,iOS,4.497
splash_to_Dashboard,1683369808.004,640db9d1674dacfa2687018b::D989DA59-DDD8-43E9-8B9B-519C5F7381B7,Delhi,IN,iOS,14796.91
splash_to_Dashboard,1683368867.071,64169b8d674dacfa26a51923::ED244EF2-C697-4F7F-94D6-1B96376EEF02,Delhi,IN,iOS,351.733
splash_to_Dashboard,1683361744.451,645525ec11c6e3f4fc10b4e3::ECAD9DC4-67D2-4494-921F-7D67EE7504D5,Greater Noida,IN,iOS,4.922
splash_to_Dashboard,1683358074.958,63ece59d4bb1fe648aac13d3::9F76A942-B50E-4548-8BE0-E5765E2F7C69,Delhi,IN,iOS,5.511
splash_to_Dashboard,1683357774.133,6401eed49f741c4433c564ef::3BFBAC82-0C76-4445-B300-F8EE8E28626A,Gurgaon,IN,iOS,3.133
splash_to_Dashboard,1683354945.329,640db9d1674dacfa2687018b::D989DA59-DDD8-43E9-8B9B-519C5F7381B7,Delhi,IN,iOS,11.03
splash_to_Dashboard,1683354701.189,643e937ebdac9e109d21bf7f::414E6CC9-BEBA-4768-9316-1F0FEDB2D299,Delhi,IN,iOS,11.859
splash_to_Dashboard,1683354068.184,64520b98dfe74e10bff34e6a::6D4A1107-3A93-41C1-9A78-D89B51C7E865,Delhi,IN,iOS,4.589
splash_to_Dashboard,1683351944.96,6401eed49f741c4433c564ef::3BFBAC82-0C76-4445-B300-F8EE8E28626A,Delhi,IN,iOS,49054.302
splash_to_Dashboard,1683349599.876,645525ec11c6e3f4fc10b4e3::ECAD9DC4-67D2-4494-921F-7D67EE7504D5,Greater Noida,IN,iOS,2.899
splash_to_Dashboard,1683348368.237,640db9d1674dacfa2687018b::D989DA59-DDD8-43E9-8B9B-519C5F7381B7,Delhi,IN,iOS,9.472
splash_to_Dashboard,1683346424.388,640db9d1674dacfa2687018b::D989DA59-DDD8-43E9-8B9B-519C5F7381B7,Chandigarh,IN,iOS,13.249
splash_to_Dashboard,1683345843.158,6426cbc5041f1d8f6eb2d270::72DB0F8E-D812-45FF-93ED-E09FAA3C3F12,Delhi,IN,iOS,10.651
splash_to_Dashboard,1683345098.432,640db9d1674dacfa2687018b::D989DA59-DDD8-43E9-8B9B-519C5F7381B7,Delhi,IN,iOS,12.406
splash_to_Dashboard,1683342212.752,640db9d1674dacfa2687018b::D989DA59-DDD8-43E9-8B9B-519C5F7381B7,Delhi,IN,iOS,4.65
splash_to_Dashboard,1683336761.524,640db9d1674dacfa2687018b::D989DA59-DDD8-43E9-8B9B-519C5F7381B7,Delhi,IN,iOS,9.46
splash_to_Dashboard,1683313388.369,645525ec11c6e3f4fc10b4e3::ECAD9DC4-67D2-4494-921F-7D67EE7504D5,Delhi,IN,iOS,3.077
splash_to_Dashboard,1683311695.656,6426bc59041f1d8f6eb0a87f::C25388FA-9283-4AAD-9070-C3D20E7CAD9E,Delhi,IN,iOS,3.339
splash_to_Dashboard,1683310635.799,645525ec11c6e3f4fc10b4e3::ECAD9DC4-67D2-4494-921F-7D67EE7504D5,Delhi,IN,iOS,3.45
splash_to_Dashboard,1683309120.093,6426bc59041f1d8f6eb0a87f::C25388FA-9283-4AAD-9070-C3D20E7CAD9E,Delhi,IN,iOS,9.435
splash_to_Dashboard,1683305453.403,645525ec11c6e3f4fc10b4e3::ECAD9DC4-67D2-4494-921F-7D67EE7504D5,Delhi,IN,iOS,4.128
splash_to_Dashboard,1683303074.058,640b1448674dacfa2631eb8c::3FA94DDC-0BF1-4CF0-A169-E8EEFE2399EA,Delhi,IN,iOS,9.058
splash_to_Dashboard,1683299418.147,640db9d1674dacfa2687018b::D989DA59-DDD8-43E9-8B9B-519C5F7381B7,Delhi,IN,iOS,5.01
splash_to_Dashboard,1683296220.66,640db9d1674dacfa2687018b::D989DA59-DDD8-43E9-8B9B-519C5F7381B7,Delhi,IN,iOS,4.762
splash_to_Dashboard,1683293095.217,642432f1bbbcd43aa744d7bd::1A7C57CF-BC33-47C8-A2E4-166255D8D51C,Delhi,IN,iOS,11.165
splash_to_Dashboard,1683292465.593,643e937ebdac9e109d21bf7f::414E6CC9-BEBA-4768-9316-1F0FEDB2D299,Delhi,IN,iOS,3.204
splash_to_Dashboard,1683290903.831,642ff52a4c416cbe9fbac7d3::AF2940F3-2774-4D42-862E-5E1224F43759,Delhi,IN,iOS,3.668
splash_to_Dashboard,1683289987.025,642ff52a4c416cbe9fbac7d3::AF2940F3-2774-4D42-862E-5E1224F43759,Delhi,IN,iOS,17.857
splash_to_Dashboard,1683288601.727,64132747674dacfa26363f03::BEB75474-D408-4B69-9247-3089250D377B,Delhi,IN,iOS,32267.922
splash_to_Dashboard,1683288086.16,640db9d1674dacfa2687018b::D989DA59-DDD8-43E9-8B9B-519C5F7381B7,Delhi,IN,iOS,10.164
splash_to_Dashboard,1683283541.559,6426bc59041f1d8f6eb0a87f::C25388FA-9283-4AAD-9070-C3D20E7CAD9E,Delhi,IN,iOS,5.852
splash_to_Dashboard,1683272998.199,643e937ebdac9e109d21bf7f::414E6CC9-BEBA-4768-9316-1F0FEDB2D299,Delhi,IN,iOS,3.544
splash_to_Dashboard,1683270737.343,64182b2f674dacfa26d7c991::3A104638-FE15-48B0-B837-BEAF3086ADAA,Delhi,IN,iOS,4.118
splash_to_Dashboard,1683268007.308,64520b98dfe74e10bff34e6a::6D4A1107-3A93-41C1-9A78-D89B51C7E865,Delhi,IN,iOS,5.532
splash_to_Dashboard,1683266487.659,644bd302bb62e3108690e685::4B3673CC-78DB-4A23-90AB-D1760B6EFE87,Delhi,IN,iOS,4.094
splash_to_Dashboard,1683257385.371,644671a510a89e1ddbf673d1::5783BAD0-00B8-4DE1-B7A9-8AAE218E106D,Delhi,IN,iOS,2104.312
splash_to_Dashboard,1683254462.39,644e2a167e630310bbfb1d97::6CA1C926-91E9-4D6A-9A1B-1BACF0E21F6E,Delhi,IN,iOS,3.399
splash_to_Dashboard,1683249584.547,6426bc59041f1d8f6eb0a87f::C25388FA-9283-4AAD-9070-C3D20E7CAD9E,Delhi,IN,iOS,3.417
splash_to_Dashboard,1683238728.168,641ffb1a674dacfa26d7bc49::EFC25A9C-2E1B-482F-99B2-C0086CE4F890,Delhi,IN,iOS,85.368
splash_to_Dashboard,1683238530.261,63ece59d4bb1fe648aac13d3::9F76A942-B50E-4548-8BE0-E5765E2F7C69,Delhi,IN,iOS,6.988
splash_to_Dashboard,1683236067.115,6426bc59041f1d8f6eb0a87f::C25388FA-9283-4AAD-9070-C3D20E7CAD9E,Delhi,IN,iOS,4.148
splash_to_Dashboard,1683228871.581,6401eed49f741c4433c564ef::3BFBAC82-0C76-4445-B300-F8EE8E28626A,Gurgaon,IN,iOS,3.182
splash_to_Dashboard,1683228428.859,6401eed49f741c4433c564ef::3BFBAC82-0C76-4445-B300-F8EE8E28626A,Gurgaon,IN,iOS,4759.396
splash_to_Dashboard,1683217617.147,644671a510a89e1ddbf673d1::5783BAD0-00B8-4DE1-B7A9-8AAE218E106D,Delhi,IN,iOS,4.222
splash_to_Dashboard,1683217421.514,640db9d1674dacfa2687018b::D989DA59-DDD8-43E9-8B9B-519C5F7381B7,Chandigarh,IN,iOS,4.097
splash_to_Dashboard,1683215672.255,6422e9d5674dacfa2637d15c::53B362C0-B67F-4921-8559-80A7FDFCF85C,Delhi,IN,iOS,3.449
splash_to_Dashboard,1683212192.812,642d5ac27757a413d1c8d407::635ED81B-6D0B-4C44-AEEB-9D64BAE6E262,Delhi,IN,iOS,4.596
splash_to_Dashboard,1683209995.179,64520b98dfe74e10bff34e6a::6D4A1107-3A93-41C1-9A78-D89B51C7E865,Delhi,IN,iOS,4.61
splash_to_Dashboard,1683207501.051,64520b98dfe74e10bff34e6a::6D4A1107-3A93-41C1-9A78-D89B51C7E865,Delhi,IN,iOS,4.354
splash_to_Dashboard,1683197015.94,644d63287e630310a6d3fab7::2317DD6F-6771-4626-B2B8-B7CC1E82DF67,Mumbai,IN,iOS,4.302
splash_to_Dashboard,1683196244.716,64520b98dfe74e10bff34e6a::6D4A1107-3A93-41C1-9A78-D89B51C7E865,Delhi,IN,iOS,8.346
splash_to_Dashboard,1683189097.933,6426bc59041f1d8f6eb0a87f::C25388FA-9283-4AAD-9070-C3D20E7CAD9E,Delhi,IN,iOS,2.671
splash_to_Dashboard,1683188114.235,64182b2f674dacfa26d7c991::3A104638-FE15-48B0-B837-BEAF3086ADAA,Delhi,IN,iOS,6.882
splash_to_Dashboard,1683187799.329,64520b98dfe74e10bff34e6a::6D4A1107-3A93-41C1-9A78-D89B51C7E865,Delhi,IN,iOS,4.38
splash_to_Dashboard,1683187578.3,64520b98dfe74e10bff34e6a::6D4A1107-3A93-41C1-9A78-D89B51C7E865,Delhi,IN,iOS,4.231
splash_to_Dashboard,1683185781.837,644671a510a89e1ddbf673d1::5783BAD0-00B8-4DE1-B7A9-8AAE218E106D,,IN,iOS,2270.84
splash_to_Dashboard,1683184275.943,64520b98dfe74e10bff34e6a::6D4A1107-3A93-41C1-9A78-D89B51C7E865,Delhi,IN,iOS,19.476
splash_to_Dashboard,1683182508.474,64425593bb62e310a96c76b6::FCE50781-1520-4013-B487-5A0551D96830,Helsinki,FI,iOS,4.373
splash_to_Dashboard,1683177132.738,64520b98dfe74e10bff34e6a::6D4A1107-3A93-41C1-9A78-D89B51C7E865,Delhi,IN,iOS,6.129
splash_to_Dashboard,1683174416.611,6422e9d5674dacfa2637d15c::53B362C0-B67F-4921-8559-80A7FDFCF85C,Delhi,IN,iOS,3.477
splash_to_Dashboard,1683165586.044,64425593bb62e310a96c76b6::FCE50781-1520-4013-B487-5A0551D96830,Delhi,IN,iOS,3.974
splash_to_Dashboard,1683164346.193,6422e9d5674dacfa2637d15c::53B362C0-B67F-4921-8559-80A7FDFCF85C,Gurgaon,IN,iOS,3.303
splash_to_Dashboard,1683149805.945,6426bc59041f1d8f6eb0a87f::C25388FA-9283-4AAD-9070-C3D20E7CAD9E,Gurgaon,IN,iOS,52.009
splash_to_Dashboard,1683149676.374,6426bc59041f1d8f6eb0a87f::C25388FA-9283-4AAD-9070-C3D20E7CAD9E,Delhi,IN,iOS,4.247
splash_to_Dashboard,1683132819.395,642bef377757a413d19a8632::BB98EF2F-26CB-4484-BD1E-5DC1687B7A2E,Delhi,IN,iOS,3.309
splash_to_Dashboard,1683127506.304,644671a510a89e1ddbf673d1::5783BAD0-00B8-4DE1-B7A9-8AAE218E106D,Delhi,IN,iOS,3.129
splash_to_Dashboard,1683125506.468,644671a510a89e1ddbf673d1::5783BAD0-00B8-4DE1-B7A9-8AAE218E106D,Delhi,IN,iOS,3.21
splash_to_Dashboard,1683121377.427,63f33e134bb1fe648be041ab::7D0204EE-F45A-4F9A-A9A0-71710F115E1F,Delhi,IN,iOS,8.179
splash_to_Dashboard,1683117962.085,644671a510a89e1ddbf673d1::5783BAD0-00B8-4DE1-B7A9-8AAE218E106D,Delhi,IN,iOS,4.746
splash_to_Dashboard,1683114958.871,643503d24c416cbe9f5e05db::EF636E39-BBAE-4567-B3B7-E3068117712B,Delhi,IN,iOS,3.24
splash_to_Dashboard,1683112339.181,63f33e134bb1fe648be041ab::7D0204EE-F45A-4F9A-A9A0-71710F115E1F,Delhi,IN,iOS,8.733
splash_to_Dashboard,1683111941.309,63f33e134bb1fe648be041ab::7D0204EE-F45A-4F9A-A9A0-71710F115E1F,Delhi,IN,iOS,10.07
splash_to_Dashboard,1683111068.86,642432f1bbbcd43aa744d7bd::1A7C57CF-BC33-47C8-A2E4-166255D8D51C,Delhi,IN,iOS,33.539
splash_to_Dashboard,1683107540.856,644671a510a89e1ddbf673d1::5783BAD0-00B8-4DE1-B7A9-8AAE218E106D,,IN,iOS,3.507
splash_to_Dashboard,1683103885.21,644671a510a89e1ddbf673d1::5783BAD0-00B8-4DE1-B7A9-8AAE218E106D,,IN,iOS,12.314
splash_to_Dashboard,1683103854.212,63f33e134bb1fe648be041ab::7D0204EE-F45A-4F9A-A9A0-71710F115E1F,Delhi,IN,iOS,7.81
splash_to_Dashboard,1683102712.125,644e2a167e630310bbfb1d97::6CA1C926-91E9-4D6A-9A1B-1BACF0E21F6E,Delhi,IN,iOS,3.838
splash_to_Dashboard,1683100239.702,64425593bb62e310a96c76b6::FCE50781-1520-4013-B487-5A0551D96830,Noida,IN,iOS,3.837
splash_to_Dashboard,1683099944.834,64520b98dfe74e10bff34e6a::6D4A1107-3A93-41C1-9A78-D89B51C7E865,Delhi,IN,iOS,4.829
splash_to_Dashboard,1683099091.91,644e2a167e630310bbfb1d97::6CA1C926-91E9-4D6A-9A1B-1BACF0E21F6E,Delhi,IN,iOS,4.407
splash_to_Dashboard,1683096538.702,6422e9d5674dacfa2637d15c::53B362C0-B67F-4921-8559-80A7FDFCF85C,Gurgaon,IN,iOS,3.357
splash_to_Dashboard,1683096229.913,6422e9d5674dacfa2637d15c::53B362C0-B67F-4921-8559-80A7FDFCF85C,Gurgaon,IN,iOS,3.37
splash_to_Dashboard,1683095414.264,640db9d1674dacfa2687018b::D989DA59-DDD8-43E9-8B9B-519C5F7381B7,Delhi,IN,iOS,4.763
splash_to_Dashboard,1683094258.253,643e937ebdac9e109d21bf7f::414E6CC9-BEBA-4768-9316-1F0FEDB2D299,Delhi,IN,iOS,3.529
splash_to_Dashboard,1683092200.005,6426bc59041f1d8f6eb0a87f::C25388FA-9283-4AAD-9070-C3D20E7CAD9E,Delhi,IN,iOS,3.099
splash_to_Dashboard,1683087194.145,643e937ebdac9e109d21bf7f::414E6CC9-BEBA-4768-9316-1F0FEDB2D299,Delhi,IN,iOS,36.504
splash_to_Dashboard,1683083542.407,644671a510a89e1ddbf673d1::5783BAD0-00B8-4DE1-B7A9-8AAE218E106D,Delhi,IN,iOS,4.027
splash_to_Dashboard,1683078759.556,644e2a167e630310bbfb1d97::6CA1C926-91E9-4D6A-9A1B-1BACF0E21F6E,Delhi,IN,iOS,3.544
splash_to_Dashboard,1683075323.022,6426cbc5041f1d8f6eb2d270::72DB0F8E-D812-45FF-93ED-E09FAA3C3F12,Delhi,IN,iOS,4.777
splash_to_Dashboard,1683046730.823,644aa172bdac9e10a66fa0c5::6800AA8C-0635-40E7-8402-2516B4A472B4,Delhi,IN,iOS,21.15
splash_to_Dashboard,1683044391.024,6426bc59041f1d8f6eb0a87f::C25388FA-9283-4AAD-9070-C3D20E7CAD9E,Delhi,IN,iOS,128.925
splash_to_Dashboard,1683040088.972,642d5ac27757a413d1c8d407::635ED81B-6D0B-4C44-AEEB-9D64BAE6E262,Delhi,IN,iOS,3.571
splash_to_Dashboard,1683037451.955,6426bc59041f1d8f6eb0a87f::C25388FA-9283-4AAD-9070-C3D20E7CAD9E,Delhi,IN,iOS,825.75
splash_to_Dashboard,1683036055.043,640db9d1674dacfa2687018b::D989DA59-DDD8-43E9-8B9B-519C5F7381B7,Delhi,IN,iOS,18.026
splash_to_Dashboard,1683035549.381,6401eed49f741c4433c564ef::3BFBAC82-0C76-4445-B300-F8EE8E28626A,Gurgaon,IN,iOS,4.027
splash_to_Dashboard,1683034794.081,641f1bd0674dacfa26bc2c11::6B91AF8D-20EE-401D-BC5A-6EA52230A035,Delhi,IN,iOS,251.256
splash_to_Dashboard,1683031852.439,640db9d1674dacfa2687018b::D989DA59-DDD8-43E9-8B9B-519C5F7381B7,Delhi,IN,iOS,4.934
splash_to_Dashboard,1683030479.999,640db9d1674dacfa2687018b::D989DA59-DDD8-43E9-8B9B-519C5F7381B7,Delhi,IN,iOS,4.977
splash_to_Dashboard,1683028651.081,640db9d1674dacfa2687018b::D989DA59-DDD8-43E9-8B9B-519C5F7381B7,Delhi,IN,iOS,4.653
splash_to_Dashboard,1683027330.227,644671a510a89e1ddbf673d1::5783BAD0-00B8-4DE1-B7A9-8AAE218E106D,,IN,iOS,6.391
splash_to_Dashboard,1683023285.766,641f1bd0674dacfa26bc2c11::6B91AF8D-20EE-401D-BC5A-6EA52230A035,Delhi,IN,iOS,188.327
splash_to_Dashboard,1683019306.804,63f33e134bb1fe648be041ab::7D0204EE-F45A-4F9A-A9A0-71710F115E1F,Delhi,IN,iOS,4.866
splash_to_Dashboard,1683008895.429,644e2a167e630310bbfb1d97::6CA1C926-91E9-4D6A-9A1B-1BACF0E21F6E,Delhi,IN,iOS,4.404
splash_to_Dashboard,1683004373.577,644671a510a89e1ddbf673d1::5783BAD0-00B8-4DE1-B7A9-8AAE218E106D,Delhi,IN,iOS,8.286
splash_to_Dashboard,1683000110.396,643503d24c416cbe9f5e05db::EF636E39-BBAE-4567-B3B7-E3068117712B,Delhi,IN,iOS,15.523
splash_to_Dashboard,1682999948.951,640db9d1674dacfa2687018b::D989DA59-DDD8-43E9-8B9B-519C5F7381B7,Chandigarh,IN,iOS,10.995
splash_to_Dashboard,1682999433.983,644e2a167e630310bbfb1d97::6CA1C926-91E9-4D6A-9A1B-1BACF0E21F6E,Delhi,IN,iOS,3.794
splash_to_Dashboard,1682993486.761,64425593bb62e310a96c76b6::FCE50781-1520-4013-B487-5A0551D96830,Delhi,IN,iOS,5.01
splash_to_Dashboard,1682993175.092,644e2a167e630310bbfb1d97::6CA1C926-91E9-4D6A-9A1B-1BACF0E21F6E,Delhi,IN,iOS,3.616
splash_to_Dashboard,1682959914.054,644e2a167e630310bbfb1d97::6CA1C926-91E9-4D6A-9A1B-1BACF0E21F6E,Delhi,IN,iOS,4.57
splash_to_Dashboard,1682958316.747,644671a510a89e1ddbf673d1::5783BAD0-00B8-4DE1-B7A9-8AAE218E106D,Delhi,IN,iOS,4.959
splash_to_Dashboard,1682956152.087,640db9d1674dacfa2687018b::D989DA59-DDD8-43E9-8B9B-519C5F7381B7,Gurgaon,IN,iOS,7.289
splash_to_Dashboard,1682954863.009,644e2a167e630310bbfb1d97::6CA1C926-91E9-4D6A-9A1B-1BACF0E21F6E,Delhi,IN,iOS,25.549
splash_to_Dashboard,1682954089.812,640db9d1674dacfa2687018b::D989DA59-DDD8-43E9-8B9B-519C5F7381B7,Chandigarh,IN,iOS,5.076
splash_to_Dashboard,1682948384.338,640db9d1674dacfa2687018b::D989DA59-DDD8-43E9-8B9B-519C5F7381B7,Chandigarh,IN,iOS,17.796
splash_to_Dashboard,1682948228.835,640db9d1674dacfa2687018b::D989DA59-DDD8-43E9-8B9B-519C5F7381B7,Chandigarh,IN,iOS,9.954
splash_to_Dashboard,1682943417.288,6401eed49f741c4433c564ef::3BFBAC82-0C76-4445-B300-F8EE8E28626A,Gurgaon,IN,iOS,4.322
splash_to_Dashboard,1682943339.871,644671a510a89e1ddbf673d1::5783BAD0-00B8-4DE1-B7A9-8AAE218E106D,Delhi,IN,iOS,5.444
splash_to_Dashboard,1682940048.204,640db9d1674dacfa2687018b::D989DA59-DDD8-43E9-8B9B-519C5F7381B7,Chandigarh,IN,iOS,9.847
splash_to_Dashboard,1682939518.533,640db9d1674dacfa2687018b::D989DA59-DDD8-43E9-8B9B-519C5F7381B7,Ludhiana,IN,iOS,5.344
splash_to_Dashboard,1682937641.727,642432f1bbbcd43aa744d7bd::1A7C57CF-BC33-47C8-A2E4-166255D8D51C,Una,IN,iOS,10.647
splash_to_Dashboard,1682937114.34,6426bc59041f1d8f6eb0a87f::C25388FA-9283-4AAD-9070-C3D20E7CAD9E,Delhi,IN,iOS,3.209
splash_to_Dashboard,1682936903.663,6426bc59041f1d8f6eb0a87f::C25388FA-9283-4AAD-9070-C3D20E7CAD9E,Delhi,IN,iOS,12299.885
splash_to_Dashboard,1682935979.587,640db9d1674dacfa2687018b::D989DA59-DDD8-43E9-8B9B-519C5F7381B7,Ludhiana,IN,iOS,8.76
splash_to_Dashboard,1682935413.221,644aa172bdac9e10a66fa0c5::6800AA8C-0635-40E7-8402-2516B4A472B4,Delhi,IN,iOS,7.957
splash_to_Dashboard,1682924013.624,640db9d1674dacfa2687018b::D989DA59-DDD8-43E9-8B9B-519C5F7381B7,Delhi,IN,iOS,5.323
splash_to_Dashboard,1682922591.789,640db9d1674dacfa2687018b::D989DA59-DDD8-43E9-8B9B-519C5F7381B7,Delhi,IN,iOS,4.83
splash_to_Dashboard,1682921250.068,640db9d1674dacfa2687018b::D989DA59-DDD8-43E9-8B9B-519C5F7381B7,Delhi,IN,iOS,5.257
splash_to_Dashboard,1682919601.711,6426cbc5041f1d8f6eb2d270::72DB0F8E-D812-45FF-93ED-E09FAA3C3F12,Delhi,IN,iOS,3.938
splash_to_Dashboard,1682918631.016,641f1bd0674dacfa26bc2c11::6B91AF8D-20EE-401D-BC5A-6EA52230A035,Delhi,IN,iOS,6.944
splash_to_Dashboard,1682913795.379,640db9d1674dacfa2687018b::D989DA59-DDD8-43E9-8B9B-519C5F7381B7,Delhi,IN,iOS,19.54
splash_to_Dashboard,1682908639.681,640db9d1674dacfa2687018b::D989DA59-DDD8-43E9-8B9B-519C5F7381B7,Delhi,IN,iOS,4.41
splash_to_Dashboard,1682907486.266,640db9d1674dacfa2687018b::D989DA59-DDD8-43E9-8B9B-519C5F7381B7,Ludhiana,IN,iOS,20.395
splash_to_Dashboard,1682906001.688,64425593bb62e310a96c76b6::FCE50781-1520-4013-B487-5A0551D96830,Delhi,IN,iOS,3.281
splash_to_Dashboard,1682904593.162,640db9d1674dacfa2687018b::D989DA59-DDD8-43E9-8B9B-519C5F7381B7,Delhi,IN,iOS,4.949
splash_to_Dashboard,1682901822.757,641f1bd0674dacfa26bc2c11::6B91AF8D-20EE-401D-BC5A-6EA52230A035,Delhi,IN,iOS,679.907