Date,Event,OS,"Oct 8 2022, 12:00AM - Apr 6 2023, 3:22PM"
2022-10-08,App Session - DAU,Android,65
2022-10-08,App Session - DAU,iOS,42
2022-10-08,App Session - DAU,iPadOS,0
2022-10-08,App Session - DAU,macOS,0
2022-10-09,App Session - DAU,Android,82
2022-10-09,App Session - DAU,iOS,38
2022-10-09,App Session - DAU,iPadOS,0
2022-10-09,App Session - DAU,macOS,0
2022-10-10,App Session - DAU,Android,84
2022-10-10,App Session - DAU,iOS,41
2022-10-10,App Session - DAU,iPadOS,0
2022-10-10,App Session - DAU,macOS,1
2022-10-11,App Session - DAU,Android,90
2022-10-11,App Session - DAU,iOS,50
2022-10-11,App Session - DAU,iPadOS,0
2022-10-11,App Session - DAU,macOS,0
2022-10-12,App Session - DAU,Android,85
2022-10-12,App Session - DAU,iOS,46
2022-10-12,App Session - DAU,iPadOS,0
2022-10-12,App Session - DAU,macOS,0
2022-10-13,App Session - DAU,Android,81
2022-10-13,App Session - DAU,iOS,49
2022-10-13,App Session - DAU,iPadOS,1
2022-10-13,App Session - DAU,macOS,1
2022-10-14,App Session - DAU,Android,97
2022-10-14,App Session - DAU,iOS,47
2022-10-14,App Session - DAU,iPadOS,1
2022-10-14,App Session - DAU,macOS,0
2022-10-15,App Session - DAU,Android,98
2022-10-15,App Session - DAU,iOS,50
2022-10-15,App Session - DAU,iPadOS,0
2022-10-15,App Session - DAU,macOS,0
2022-10-16,App Session - DAU,Android,102
2022-10-16,App Session - DAU,iOS,55
2022-10-16,App Session - DAU,iPadOS,1
2022-10-16,App Session - DAU,macOS,0
2022-10-17,App Session - DAU,Android,103
2022-10-17,App Session - DAU,iOS,49
2022-10-17,App Session - DAU,iPadOS,0
2022-10-17,App Session - DAU,macOS,0
2022-10-18,App Session - DAU,Android,106
2022-10-18,App Session - DAU,iOS,40
2022-10-18,App Session - DAU,iPadOS,0
2022-10-18,App Session - DAU,macOS,0
2022-10-19,App Session - DAU,Android,100
2022-10-19,App Session - DAU,iOS,38
2022-10-19,App Session - DAU,iPadOS,0
2022-10-19,App Session - DAU,macOS,1
2022-10-20,App Session - DAU,Android,93
2022-10-20,App Session - DAU,iOS,42
2022-10-20,App Session - DAU,iPadOS,0
2022-10-20,App Session - DAU,macOS,0
2022-10-21,App Session - DAU,Android,96
2022-10-21,App Session - DAU,iOS,43
2022-10-21,App Session - DAU,iPadOS,1
2022-10-21,App Session - DAU,macOS,0
2022-10-22,App Session - DAU,Android,113
2022-10-22,App Session - DAU,iOS,44
2022-10-22,App Session - DAU,iPadOS,1
2022-10-22,App Session - DAU,macOS,0
2022-10-23,App Session - DAU,Android,86
2022-10-23,App Session - DAU,iOS,41
2022-10-23,App Session - DAU,iPadOS,0
2022-10-23,App Session - DAU,macOS,0
2022-10-24,App Session - DAU,Android,86
2022-10-24,App Session - DAU,iOS,34
2022-10-24,App Session - DAU,iPadOS,0
2022-10-24,App Session - DAU,macOS,0
2022-10-25,App Session - DAU,Android,87
2022-10-25,App Session - DAU,iOS,44
2022-10-25,App Session - DAU,iPadOS,0
2022-10-25,App Session - DAU,macOS,0
2022-10-26,App Session - DAU,Android,90
2022-10-26,App Session - DAU,iOS,33
2022-10-26,App Session - DAU,iPadOS,1
2022-10-26,App Session - DAU,macOS,0
2022-10-27,App Session - DAU,Android,137
2022-10-27,App Session - DAU,iOS,56
2022-10-27,App Session - DAU,iPadOS,0
2022-10-27,App Session - DAU,macOS,0
2022-10-28,App Session - DAU,Android,113
2022-10-28,App Session - DAU,iOS,43
2022-10-28,App Session - DAU,iPadOS,0
2022-10-28,App Session - DAU,macOS,0
2022-10-29,App Session - DAU,Android,106
2022-10-29,App Session - DAU,iOS,48
2022-10-29,App Session - DAU,iPadOS,0
2022-10-29,App Session - DAU,macOS,0
2022-10-30,App Session - DAU,Android,97
2022-10-30,App Session - DAU,iOS,36
2022-10-30,App Session - DAU,iPadOS,1
2022-10-30,App Session - DAU,macOS,0
2022-10-31,App Session - DAU,Android,93
2022-10-31,App Session - DAU,iOS,42
2022-10-31,App Session - DAU,iPadOS,1
2022-10-31,App Session - DAU,macOS,0
2022-11-01,App Session - DAU,Android,102
2022-11-01,App Session - DAU,iOS,36
2022-11-01,App Session - DAU,iPadOS,0
2022-11-01,App Session - DAU,macOS,0
2022-11-02,App Session - DAU,Android,97
2022-11-02,App Session - DAU,iOS,40
2022-11-02,App Session - DAU,iPadOS,0
2022-11-02,App Session - DAU,macOS,1
2022-11-03,App Session - DAU,Android,97
2022-11-03,App Session - DAU,iOS,38
2022-11-03,App Session - DAU,iPadOS,0
2022-11-03,App Session - DAU,macOS,0
2022-11-04,App Session - DAU,Android,94
2022-11-04,App Session - DAU,iOS,37
2022-11-04,App Session - DAU,iPadOS,0
2022-11-04,App Session - DAU,macOS,0
2022-11-05,App Session - DAU,Android,89
2022-11-05,App Session - DAU,iOS,39
2022-11-05,App Session - DAU,iPadOS,0
2022-11-05,App Session - DAU,macOS,0
2022-11-06,App Session - DAU,Android,95
2022-11-06,App Session - DAU,iOS,40
2022-11-06,App Session - DAU,iPadOS,1
2022-11-06,App Session - DAU,macOS,0
2022-11-07,App Session - DAU,Android,81
2022-11-07,App Session - DAU,iOS,44
2022-11-07,App Session - DAU,iPadOS,1
2022-11-07,App Session - DAU,macOS,0
2022-11-08,App Session - DAU,Android,82
2022-11-08,App Session - DAU,iOS,38
2022-11-08,App Session - DAU,iPadOS,0
2022-11-08,App Session - DAU,macOS,0
2022-11-09,App Session - DAU,Android,84
2022-11-09,App Session - DAU,iOS,35
2022-11-09,App Session - DAU,iPadOS,1
2022-11-09,App Session - DAU,macOS,0
2022-11-10,App Session - DAU,Android,91
2022-11-10,App Session - DAU,iOS,32
2022-11-10,App Session - DAU,iPadOS,1
2022-11-10,App Session - DAU,macOS,0
2022-11-11,App Session - DAU,Android,84
2022-11-11,App Session - DAU,iOS,38
2022-11-11,App Session - DAU,iPadOS,0
2022-11-11,App Session - DAU,macOS,0
2022-11-12,App Session - DAU,Android,77
2022-11-12,App Session - DAU,iOS,39
2022-11-12,App Session - DAU,iPadOS,0
2022-11-12,App Session - DAU,macOS,0
2022-11-13,App Session - DAU,Android,95
2022-11-13,App Session - DAU,iOS,27
2022-11-13,App Session - DAU,iPadOS,1
2022-11-13,App Session - DAU,macOS,0
2022-11-14,App Session - DAU,Android,96
2022-11-14,App Session - DAU,iOS,32
2022-11-14,App Session - DAU,iPadOS,1
2022-11-14,App Session - DAU,macOS,0
2022-11-15,App Session - DAU,Android,86
2022-11-15,App Session - DAU,iOS,31
2022-11-15,App Session - DAU,iPadOS,1
2022-11-15,App Session - DAU,macOS,0
2022-11-16,App Session - DAU,Android,74
2022-11-16,App Session - DAU,iOS,33
2022-11-16,App Session - DAU,iPadOS,1
2022-11-16,App Session - DAU,macOS,0
2022-11-17,App Session - DAU,Android,68
2022-11-17,App Session - DAU,iOS,26
2022-11-17,App Session - DAU,iPadOS,2
2022-11-17,App Session - DAU,macOS,0
2022-11-18,App Session - DAU,Android,71
2022-11-18,App Session - DAU,iOS,33
2022-11-18,App Session - DAU,iPadOS,0
2022-11-18,App Session - DAU,macOS,0
2022-11-19,App Session - DAU,Android,81
2022-11-19,App Session - DAU,iOS,32
2022-11-19,App Session - DAU,iPadOS,0
2022-11-19,App Session - DAU,macOS,0
2022-11-20,App Session - DAU,Android,86
2022-11-20,App Session - DAU,iOS,30
2022-11-20,App Session - DAU,iPadOS,0
2022-11-20,App Session - DAU,macOS,0
2022-11-21,App Session - DAU,Android,95
2022-11-21,App Session - DAU,iOS,34
2022-11-21,App Session - DAU,iPadOS,0
2022-11-21,App Session - DAU,macOS,0
2022-11-22,App Session - DAU,Android,73
2022-11-22,App Session - DAU,iOS,38
2022-11-22,App Session - DAU,iPadOS,0
2022-11-22,App Session - DAU,macOS,0
2022-11-23,App Session - DAU,Android,77
2022-11-23,App Session - DAU,iOS,37
2022-11-23,App Session - DAU,iPadOS,0
2022-11-23,App Session - DAU,macOS,0
2022-11-24,App Session - DAU,Android,69
2022-11-24,App Session - DAU,iOS,32
2022-11-24,App Session - DAU,iPadOS,0
2022-11-24,App Session - DAU,macOS,0
2022-11-25,App Session - DAU,Android,75
2022-11-25,App Session - DAU,iOS,25
2022-11-25,App Session - DAU,iPadOS,0
2022-11-25,App Session - DAU,macOS,0
2022-11-26,App Session - DAU,Android,75
2022-11-26,App Session - DAU,iOS,26
2022-11-26,App Session - DAU,iPadOS,0
2022-11-26,App Session - DAU,macOS,0
2022-11-27,App Session - DAU,Android,83
2022-11-27,App Session - DAU,iOS,33
2022-11-27,App Session - DAU,iPadOS,0
2022-11-27,App Session - DAU,macOS,0
2022-11-28,App Session - DAU,Android,114
2022-11-28,App Session - DAU,iOS,52
2022-11-28,App Session - DAU,iPadOS,0
2022-11-28,App Session - DAU,macOS,0
2022-11-29,App Session - DAU,Android,84
2022-11-29,App Session - DAU,iOS,30
2022-11-29,App Session - DAU,iPadOS,0
2022-11-29,App Session - DAU,macOS,0
2022-11-30,App Session - DAU,Android,74
2022-11-30,App Session - DAU,iOS,29
2022-11-30,App Session - DAU,iPadOS,0
2022-11-30,App Session - DAU,macOS,0
2022-12-01,App Session - DAU,Android,75
2022-12-01,App Session - DAU,iOS,26
2022-12-01,App Session - DAU,iPadOS,0
2022-12-01,App Session - DAU,macOS,0
2022-12-02,App Session - DAU,Android,81
2022-12-02,App Session - DAU,iOS,33
2022-12-02,App Session - DAU,iPadOS,0
2022-12-02,App Session - DAU,macOS,0
2022-12-03,App Session - DAU,Android,66
2022-12-03,App Session - DAU,iOS,23
2022-12-03,App Session - DAU,iPadOS,0
2022-12-03,App Session - DAU,macOS,0
2022-12-04,App Session - DAU,Android,73
2022-12-04,App Session - DAU,iOS,25
2022-12-04,App Session - DAU,iPadOS,0
2022-12-04,App Session - DAU,macOS,0
2022-12-05,App Session - DAU,Android,69
2022-12-05,App Session - DAU,iOS,26
2022-12-05,App Session - DAU,iPadOS,0
2022-12-05,App Session - DAU,macOS,0
2022-12-06,App Session - DAU,Android,79
2022-12-06,App Session - DAU,iOS,32
2022-12-06,App Session - DAU,iPadOS,0
2022-12-06,App Session - DAU,macOS,0
2022-12-07,App Session - DAU,Android,75
2022-12-07,App Session - DAU,iOS,32
2022-12-07,App Session - DAU,iPadOS,1
2022-12-07,App Session - DAU,macOS,0
2022-12-08,App Session - DAU,Android,75
2022-12-08,App Session - DAU,iOS,29
2022-12-08,App Session - DAU,iPadOS,0
2022-12-08,App Session - DAU,macOS,0
2022-12-09,App Session - DAU,Android,76
2022-12-09,App Session - DAU,iOS,23
2022-12-09,App Session - DAU,iPadOS,0
2022-12-09,App Session - DAU,macOS,0
2022-12-10,App Session - DAU,Android,71
2022-12-10,App Session - DAU,iOS,33
2022-12-10,App Session - DAU,iPadOS,0
2022-12-10,App Session - DAU,macOS,0
2022-12-11,App Session - DAU,Android,77
2022-12-11,App Session - DAU,iOS,31
2022-12-11,App Session - DAU,iPadOS,0
2022-12-11,App Session - DAU,macOS,0
2022-12-12,App Session - DAU,Android,60
2022-12-12,App Session - DAU,iOS,34
2022-12-12,App Session - DAU,iPadOS,0
2022-12-12,App Session - DAU,macOS,0
2022-12-13,App Session - DAU,Android,74
2022-12-13,App Session - DAU,iOS,25
2022-12-13,App Session - DAU,iPadOS,0
2022-12-13,App Session - DAU,macOS,0
2022-12-14,App Session - DAU,Android,68
2022-12-14,App Session - DAU,iOS,34
2022-12-14,App Session - DAU,iPadOS,0
2022-12-14,App Session - DAU,macOS,0
2022-12-15,App Session - DAU,Android,60
2022-12-15,App Session - DAU,iOS,28
2022-12-15,App Session - DAU,iPadOS,0
2022-12-15,App Session - DAU,macOS,0
2022-12-16,App Session - DAU,Android,68
2022-12-16,App Session - DAU,iOS,34
2022-12-16,App Session - DAU,iPadOS,0
2022-12-16,App Session - DAU,macOS,0
2022-12-17,App Session - DAU,Android,67
2022-12-17,App Session - DAU,iOS,33
2022-12-17,App Session - DAU,iPadOS,0
2022-12-17,App Session - DAU,macOS,1
2022-12-18,App Session - DAU,Android,66
2022-12-18,App Session - DAU,iOS,37
2022-12-18,App Session - DAU,iPadOS,0
2022-12-18,App Session - DAU,macOS,0
2022-12-19,App Session - DAU,Android,63
2022-12-19,App Session - DAU,iOS,23
2022-12-19,App Session - DAU,iPadOS,0
2022-12-19,App Session - DAU,macOS,0
2022-12-20,App Session - DAU,Android,61
2022-12-20,App Session - DAU,iOS,23
2022-12-20,App Session - DAU,iPadOS,0
2022-12-20,App Session - DAU,macOS,0
2022-12-21,App Session - DAU,Android,59
2022-12-21,App Session - DAU,iOS,26
2022-12-21,App Session - DAU,iPadOS,0
2022-12-21,App Session - DAU,macOS,0
2022-12-22,App Session - DAU,Android,62
2022-12-22,App Session - DAU,iOS,23
2022-12-22,App Session - DAU,iPadOS,0
2022-12-22,App Session - DAU,macOS,0
2022-12-23,App Session - DAU,Android,72
2022-12-23,App Session - DAU,iOS,25
2022-12-23,App Session - DAU,iPadOS,0
2022-12-23,App Session - DAU,macOS,0
2022-12-24,App Session - DAU,Android,55
2022-12-24,App Session - DAU,iOS,25
2022-12-24,App Session - DAU,iPadOS,0
2022-12-24,App Session - DAU,macOS,0
2022-12-25,App Session - DAU,Android,65
2022-12-25,App Session - DAU,iOS,26
2022-12-25,App Session - DAU,iPadOS,1
2022-12-25,App Session - DAU,macOS,0
2022-12-26,App Session - DAU,Android,67
2022-12-26,App Session - DAU,iOS,33
2022-12-26,App Session - DAU,iPadOS,0
2022-12-26,App Session - DAU,macOS,0
2022-12-27,App Session - DAU,Android,66
2022-12-27,App Session - DAU,iOS,21
2022-12-27,App Session - DAU,iPadOS,0
2022-12-27,App Session - DAU,macOS,0
2022-12-28,App Session - DAU,Android,55
2022-12-28,App Session - DAU,iOS,30
2022-12-28,App Session - DAU,iPadOS,0
2022-12-28,App Session - DAU,macOS,0
2022-12-29,App Session - DAU,Android,62
2022-12-29,App Session - DAU,iOS,30
2022-12-29,App Session - DAU,iPadOS,0
2022-12-29,App Session - DAU,macOS,0
2022-12-30,App Session - DAU,Android,60
2022-12-30,App Session - DAU,iOS,25
2022-12-30,App Session - DAU,iPadOS,0
2022-12-30,App Session - DAU,macOS,0
2022-12-31,App Session - DAU,Android,53
2022-12-31,App Session - DAU,iOS,31
2022-12-31,App Session - DAU,iPadOS,0
2022-12-31,App Session - DAU,macOS,0
2023-01-01,App Session - DAU,Android,70
2023-01-01,App Session - DAU,iOS,34
2023-01-01,App Session - DAU,iPadOS,0
2023-01-01,App Session - DAU,macOS,0
2023-01-02,App Session - DAU,Android,66
2023-01-02,App Session - DAU,iOS,24
2023-01-02,App Session - DAU,iPadOS,0
2023-01-02,App Session - DAU,macOS,0
2023-01-03,App Session - DAU,Android,66
2023-01-03,App Session - DAU,iOS,20
2023-01-03,App Session - DAU,iPadOS,0
2023-01-03,App Session - DAU,macOS,0
2023-01-04,App Session - DAU,Android,66
2023-01-04,App Session - DAU,iOS,25
2023-01-04,App Session - DAU,iPadOS,1
2023-01-04,App Session - DAU,macOS,0
2023-01-05,App Session - DAU,Android,63
2023-01-05,App Session - DAU,iOS,22
2023-01-05,App Session - DAU,iPadOS,0
2023-01-05,App Session - DAU,macOS,0
2023-01-06,App Session - DAU,Android,62
2023-01-06,App Session - DAU,iOS,25
2023-01-06,App Session - DAU,iPadOS,0
2023-01-06,App Session - DAU,macOS,0
2023-01-07,App Session - DAU,Android,61
2023-01-07,App Session - DAU,iOS,27
2023-01-07,App Session - DAU,iPadOS,0
2023-01-07,App Session - DAU,macOS,0
2023-01-08,App Session - DAU,Android,82
2023-01-08,App Session - DAU,iOS,30
2023-01-08,App Session - DAU,iPadOS,0
2023-01-08,App Session - DAU,macOS,0
2023-01-09,App Session - DAU,Android,67
2023-01-09,App Session - DAU,iOS,23
2023-01-09,App Session - DAU,iPadOS,0
2023-01-09,App Session - DAU,macOS,0
2023-01-10,App Session - DAU,Android,55
2023-01-10,App Session - DAU,iOS,32
2023-01-10,App Session - DAU,iPadOS,0
2023-01-10,App Session - DAU,macOS,0
2023-01-11,App Session - DAU,Android,59
2023-01-11,App Session - DAU,iOS,25
2023-01-11,App Session - DAU,iPadOS,0
2023-01-11,App Session - DAU,macOS,0
2023-01-12,App Session - DAU,Android,56
2023-01-12,App Session - DAU,iOS,31
2023-01-12,App Session - DAU,iPadOS,0
2023-01-12,App Session - DAU,macOS,0
2023-01-13,App Session - DAU,Android,53
2023-01-13,App Session - DAU,iOS,23
2023-01-13,App Session - DAU,iPadOS,0
2023-01-13,App Session - DAU,macOS,0
2023-01-14,App Session - DAU,Android,64
2023-01-14,App Session - DAU,iOS,22
2023-01-14,App Session - DAU,iPadOS,0
2023-01-14,App Session - DAU,macOS,0
2023-01-15,App Session - DAU,Android,46
2023-01-15,App Session - DAU,iOS,23
2023-01-15,App Session - DAU,iPadOS,0
2023-01-15,App Session - DAU,macOS,0
2023-01-16,App Session - DAU,Android,58
2023-01-16,App Session - DAU,iOS,32
2023-01-16,App Session - DAU,iPadOS,0
2023-01-16,App Session - DAU,macOS,0
2023-01-17,App Session - DAU,Android,77
2023-01-17,App Session - DAU,iOS,22
2023-01-17,App Session - DAU,iPadOS,0
2023-01-17,App Session - DAU,macOS,0
2023-01-18,App Session - DAU,Android,66
2023-01-18,App Session - DAU,iOS,24
2023-01-18,App Session - DAU,iPadOS,0
2023-01-18,App Session - DAU,macOS,0
2023-01-19,App Session - DAU,Android,54
2023-01-19,App Session - DAU,iOS,28
2023-01-19,App Session - DAU,iPadOS,0
2023-01-19,App Session - DAU,macOS,0
2023-01-20,App Session - DAU,Android,65
2023-01-20,App Session - DAU,iOS,28
2023-01-20,App Session - DAU,iPadOS,0
2023-01-20,App Session - DAU,macOS,0
2023-01-21,App Session - DAU,Android,56
2023-01-21,App Session - DAU,iOS,33
2023-01-21,App Session - DAU,iPadOS,0
2023-01-21,App Session - DAU,macOS,0
2023-01-22,App Session - DAU,Android,57
2023-01-22,App Session - DAU,iOS,22
2023-01-22,App Session - DAU,iPadOS,0
2023-01-22,App Session - DAU,macOS,0
2023-01-23,App Session - DAU,Android,57
2023-01-23,App Session - DAU,iOS,27
2023-01-23,App Session - DAU,iPadOS,0
2023-01-23,App Session - DAU,macOS,0
2023-01-24,App Session - DAU,Android,58
2023-01-24,App Session - DAU,iOS,24
2023-01-24,App Session - DAU,iPadOS,0
2023-01-24,App Session - DAU,macOS,0
2023-01-25,App Session - DAU,Android,84
2023-01-25,App Session - DAU,iOS,32
2023-01-25,App Session - DAU,iPadOS,0
2023-01-25,App Session - DAU,macOS,0
2023-01-26,App Session - DAU,Android,54
2023-01-26,App Session - DAU,iOS,23
2023-01-26,App Session - DAU,iPadOS,0
2023-01-26,App Session - DAU,macOS,0
2023-01-27,App Session - DAU,Android,65
2023-01-27,App Session - DAU,iOS,32
2023-01-27,App Session - DAU,iPadOS,0
2023-01-27,App Session - DAU,macOS,0
2023-01-28,App Session - DAU,Android,61
2023-01-28,App Session - DAU,iOS,26
2023-01-28,App Session - DAU,iPadOS,0
2023-01-28,App Session - DAU,macOS,0
2023-01-29,App Session - DAU,Android,60
2023-01-29,App Session - DAU,iOS,22
2023-01-29,App Session - DAU,iPadOS,0
2023-01-29,App Session - DAU,macOS,0
2023-01-30,App Session - DAU,Android,64
2023-01-30,App Session - DAU,iOS,24
2023-01-30,App Session - DAU,iPadOS,0
2023-01-30,App Session - DAU,macOS,0
2023-01-31,App Session - DAU,Android,60
2023-01-31,App Session - DAU,iOS,24
2023-01-31,App Session - DAU,iPadOS,0
2023-01-31,App Session - DAU,macOS,0
2023-02-01,App Session - DAU,Android,54
2023-02-01,App Session - DAU,iOS,25
2023-02-01,App Session - DAU,iPadOS,0
2023-02-01,App Session - DAU,macOS,0
2023-02-02,App Session - DAU,Android,44
2023-02-02,App Session - DAU,iOS,25
2023-02-02,App Session - DAU,iPadOS,0
2023-02-02,App Session - DAU,macOS,0
2023-02-03,App Session - DAU,Android,53
2023-02-03,App Session - DAU,iOS,22
2023-02-03,App Session - DAU,iPadOS,0
2023-02-03,App Session - DAU,macOS,0
2023-02-04,App Session - DAU,Android,40
2023-02-04,App Session - DAU,iOS,30
2023-02-04,App Session - DAU,iPadOS,0
2023-02-04,App Session - DAU,macOS,0
2023-02-05,App Session - DAU,Android,50
2023-02-05,App Session - DAU,iOS,20
2023-02-05,App Session - DAU,iPadOS,0
2023-02-05,App Session - DAU,macOS,0
2023-02-06,App Session - DAU,Android,53
2023-02-06,App Session - DAU,iOS,25
2023-02-06,App Session - DAU,iPadOS,0
2023-02-06,App Session - DAU,macOS,0
2023-02-07,App Session - DAU,Android,53
2023-02-07,App Session - DAU,iOS,24
2023-02-07,App Session - DAU,iPadOS,0
2023-02-07,App Session - DAU,macOS,0
2023-02-08,App Session - DAU,Android,57
2023-02-08,App Session - DAU,iOS,22
2023-02-08,App Session - DAU,iPadOS,0
2023-02-08,App Session - DAU,macOS,0
2023-02-09,App Session - DAU,Android,45
2023-02-09,App Session - DAU,iOS,22
2023-02-09,App Session - DAU,iPadOS,0
2023-02-09,App Session - DAU,macOS,0
2023-02-10,App Session - DAU,Android,62
2023-02-10,App Session - DAU,iOS,23
2023-02-10,App Session - DAU,iPadOS,0
2023-02-10,App Session - DAU,macOS,0
2023-02-11,App Session - DAU,Android,57
2023-02-11,App Session - DAU,iOS,26
2023-02-11,App Session - DAU,iPadOS,0
2023-02-11,App Session - DAU,macOS,0
2023-02-12,App Session - DAU,Android,51
2023-02-12,App Session - DAU,iOS,23
2023-02-12,App Session - DAU,iPadOS,0
2023-02-12,App Session - DAU,macOS,0
2023-02-13,App Session - DAU,Android,62
2023-02-13,App Session - DAU,iOS,24
2023-02-13,App Session - DAU,iPadOS,0
2023-02-13,App Session - DAU,macOS,0
2023-02-14,App Session - DAU,Android,46
2023-02-14,App Session - DAU,iOS,30
2023-02-14,App Session - DAU,iPadOS,0
2023-02-14,App Session - DAU,macOS,0
2023-02-15,App Session - DAU,Android,54
2023-02-15,App Session - DAU,iOS,29
2023-02-15,App Session - DAU,iPadOS,0
2023-02-15,App Session - DAU,macOS,0
2023-02-16,App Session - DAU,Android,45
2023-02-16,App Session - DAU,iOS,21
2023-02-16,App Session - DAU,iPadOS,0
2023-02-16,App Session - DAU,macOS,0
2023-02-17,App Session - DAU,Android,51
2023-02-17,App Session - DAU,iOS,19
2023-02-17,App Session - DAU,iPadOS,0
2023-02-17,App Session - DAU,macOS,0
2023-02-18,App Session - DAU,Android,56
2023-02-18,App Session - DAU,iOS,25
2023-02-18,App Session - DAU,iPadOS,0
2023-02-18,App Session - DAU,macOS,0
2023-02-19,App Session - DAU,Android,55
2023-02-19,App Session - DAU,iOS,22
2023-02-19,App Session - DAU,iPadOS,0
2023-02-19,App Session - DAU,macOS,0
2023-02-20,App Session - DAU,Android,47
2023-02-20,App Session - DAU,iOS,21
2023-02-20,App Session - DAU,iPadOS,1
2023-02-20,App Session - DAU,macOS,0
2023-02-21,App Session - DAU,Android,64
2023-02-21,App Session - DAU,iOS,19
2023-02-21,App Session - DAU,iPadOS,0
2023-02-21,App Session - DAU,macOS,0
2023-02-22,App Session - DAU,Android,44
2023-02-22,App Session - DAU,iOS,18
2023-02-22,App Session - DAU,iPadOS,1
2023-02-22,App Session - DAU,macOS,0
2023-02-23,App Session - DAU,Android,48
2023-02-23,App Session - DAU,iOS,17
2023-02-23,App Session - DAU,iPadOS,0
2023-02-23,App Session - DAU,macOS,0
2023-02-24,App Session - DAU,Android,41
2023-02-24,App Session - DAU,iOS,28
2023-02-24,App Session - DAU,iPadOS,0
2023-02-24,App Session - DAU,macOS,0
2023-02-25,App Session - DAU,Android,40
2023-02-25,App Session - DAU,iOS,25
2023-02-25,App Session - DAU,iPadOS,0
2023-02-25,App Session - DAU,macOS,0
2023-02-26,App Session - DAU,Android,60
2023-02-26,App Session - DAU,iOS,43
2023-02-26,App Session - DAU,iPadOS,0
2023-02-26,App Session - DAU,macOS,0
2023-02-27,App Session - DAU,Android,55
2023-02-27,App Session - DAU,iOS,24
2023-02-27,App Session - DAU,iPadOS,0
2023-02-27,App Session - DAU,macOS,0
2023-02-28,App Session - DAU,Android,39
2023-02-28,App Session - DAU,iOS,16
2023-02-28,App Session - DAU,iPadOS,0
2023-02-28,App Session - DAU,macOS,0
2023-03-01,App Session - DAU,Android,39
2023-03-01,App Session - DAU,iOS,16
2023-03-01,App Session - DAU,iPadOS,0
2023-03-01,App Session - DAU,macOS,0
2023-03-02,App Session - DAU,Android,43
2023-03-02,App Session - DAU,iOS,19
2023-03-02,App Session - DAU,iPadOS,0
2023-03-02,App Session - DAU,macOS,0
2023-03-03,App Session - DAU,Android,44
2023-03-03,App Session - DAU,iOS,21
2023-03-03,App Session - DAU,iPadOS,0
2023-03-03,App Session - DAU,macOS,0
2023-03-04,App Session - DAU,Android,43
2023-03-04,App Session - DAU,iOS,19
2023-03-04,App Session - DAU,iPadOS,0
2023-03-04,App Session - DAU,macOS,0
2023-03-05,App Session - DAU,Android,47
2023-03-05,App Session - DAU,iOS,27
2023-03-05,App Session - DAU,iPadOS,0
2023-03-05,App Session - DAU,macOS,0
2023-03-06,App Session - DAU,Android,49
2023-03-06,App Session - DAU,iOS,21
2023-03-06,App Session - DAU,iPadOS,0
2023-03-06,App Session - DAU,macOS,0
2023-03-07,App Session - DAU,Android,45
2023-03-07,App Session - DAU,iOS,18
2023-03-07,App Session - DAU,iPadOS,0
2023-03-07,App Session - DAU,macOS,0
2023-03-08,App Session - DAU,Android,36
2023-03-08,App Session - DAU,iOS,16
2023-03-08,App Session - DAU,iPadOS,0
2023-03-08,App Session - DAU,macOS,0
2023-03-09,App Session - DAU,Android,40
2023-03-09,App Session - DAU,iOS,15
2023-03-09,App Session - DAU,iPadOS,0
2023-03-09,App Session - DAU,macOS,0
2023-03-10,App Session - DAU,Android,46
2023-03-10,App Session - DAU,iOS,23
2023-03-10,App Session - DAU,iPadOS,0
2023-03-10,App Session - DAU,macOS,0
2023-03-11,App Session - DAU,Android,41
2023-03-11,App Session - DAU,iOS,19
2023-03-11,App Session - DAU,iPadOS,0
2023-03-11,App Session - DAU,macOS,0
2023-03-12,App Session - DAU,Android,36
2023-03-12,App Session - DAU,iOS,24
2023-03-12,App Session - DAU,iPadOS,0
2023-03-12,App Session - DAU,macOS,0
2023-03-13,App Session - DAU,Android,43
2023-03-13,App Session - DAU,iOS,19
2023-03-13,App Session - DAU,iPadOS,0
2023-03-13,App Session - DAU,macOS,0
2023-03-14,App Session - DAU,Android,46
2023-03-14,App Session - DAU,iOS,22
2023-03-14,App Session - DAU,iPadOS,0
2023-03-14,App Session - DAU,macOS,0
2023-03-15,App Session - DAU,Android,47
2023-03-15,App Session - DAU,iOS,14
2023-03-15,App Session - DAU,iPadOS,0
2023-03-15,App Session - DAU,macOS,0
2023-03-16,App Session - DAU,Android,33
2023-03-16,App Session - DAU,iOS,15
2023-03-16,App Session - DAU,iPadOS,0
2023-03-16,App Session - DAU,macOS,0
2023-03-17,App Session - DAU,Android,47
2023-03-17,App Session - DAU,iOS,25
2023-03-17,App Session - DAU,iPadOS,0
2023-03-17,App Session - DAU,macOS,0
2023-03-18,App Session - DAU,Android,44
2023-03-18,App Session - DAU,iOS,20
2023-03-18,App Session - DAU,iPadOS,0
2023-03-18,App Session - DAU,macOS,0
2023-03-19,App Session - DAU,Android,49
2023-03-19,App Session - DAU,iOS,23
2023-03-19,App Session - DAU,iPadOS,0
2023-03-19,App Session - DAU,macOS,0
2023-03-20,App Session - DAU,Android,56
2023-03-20,App Session - DAU,iOS,18
2023-03-20,App Session - DAU,iPadOS,0
2023-03-20,App Session - DAU,macOS,0
2023-03-21,App Session - DAU,Android,41
2023-03-21,App Session - DAU,iOS,22
2023-03-21,App Session - DAU,iPadOS,0
2023-03-21,App Session - DAU,macOS,0
2023-03-22,App Session - DAU,Android,37
2023-03-22,App Session - DAU,iOS,15
2023-03-22,App Session - DAU,iPadOS,0
2023-03-22,App Session - DAU,macOS,0
2023-03-23,App Session - DAU,Android,44
2023-03-23,App Session - DAU,iOS,15
2023-03-23,App Session - DAU,iPadOS,0
2023-03-23,App Session - DAU,macOS,0
2023-03-24,App Session - DAU,Android,51
2023-03-24,App Session - DAU,iOS,22
2023-03-24,App Session - DAU,iPadOS,0
2023-03-24,App Session - DAU,macOS,0
2023-03-25,App Session - DAU,Android,49
2023-03-25,App Session - DAU,iOS,18
2023-03-25,App Session - DAU,iPadOS,0
2023-03-25,App Session - DAU,macOS,0
2023-03-26,App Session - DAU,Android,57
2023-03-26,App Session - DAU,iOS,22
2023-03-26,App Session - DAU,iPadOS,0
2023-03-26,App Session - DAU,macOS,0
2023-03-27,App Session - DAU,Android,40
2023-03-27,App Session - DAU,iOS,22
2023-03-27,App Session - DAU,iPadOS,0
2023-03-27,App Session - DAU,macOS,0
2023-03-28,App Session - DAU,Android,44
2023-03-28,App Session - DAU,iOS,9
2023-03-28,App Session - DAU,iPadOS,0
2023-03-28,App Session - DAU,macOS,0
2023-03-29,App Session - DAU,Android,54
2023-03-29,App Session - DAU,iOS,18
2023-03-29,App Session - DAU,iPadOS,0
2023-03-29,App Session - DAU,macOS,0
2023-03-30,App Session - DAU,Android,36
2023-03-30,App Session - DAU,iOS,17
2023-03-30,App Session - DAU,iPadOS,0
2023-03-30,App Session - DAU,macOS,0
2023-03-31,App Session - DAU,Android,48
2023-03-31,App Session - DAU,iOS,18
2023-03-31,App Session - DAU,iPadOS,0
2023-03-31,App Session - DAU,macOS,0
2023-04-01,App Session - DAU,Android,49
2023-04-01,App Session - DAU,iOS,16
2023-04-01,App Session - DAU,iPadOS,0
2023-04-01,App Session - DAU,macOS,0
2023-04-02,App Session - DAU,Android,50
2023-04-02,App Session - DAU,iOS,12
2023-04-02,App Session - DAU,iPadOS,0
2023-04-02,App Session - DAU,macOS,0
2023-04-03,App Session - DAU,Android,44
2023-04-03,App Session - DAU,iOS,21
2023-04-03,App Session - DAU,iPadOS,0
2023-04-03,App Session - DAU,macOS,0
2023-04-04,App Session - DAU,Android,40
2023-04-04,App Session - DAU,iOS,16
2023-04-04,App Session - DAU,iPadOS,0
2023-04-04,App Session - DAU,macOS,0
2023-04-05,App Session - DAU,Android,51
2023-04-05,App Session - DAU,iOS,20
2023-04-05,App Session - DAU,iPadOS,0
2023-04-05,App Session - DAU,macOS,0
2023-04-06,App Session - DAU,Android,29
2023-04-06,App Session - DAU,iOS,9
2023-04-06,App Session - DAU,iPadOS,0
2023-04-06,App Session - DAU,macOS,0
